{"cameraMode":{"drawMode":0,"name":"Shaded","section":"Shading Mode"},"sceneLighting":false,"audioPlay":false,"sceneViewState":{"m_AlwaysRefresh":false,"showFog":true,"showSkybox":false,"showFlares":true,"showImageEffects":true,"showParticleSystems":true,"showVisualEffectGraphs":true,"m_FxEnabled":true},"in2DMode":false,"pivot":{"x":0.23751090466976167,"y":0.568202555179596,"z":0.9353069067001343},"rotation":{"x":0.36377081274986269,"y":0.005881074350327253,"z":-0.002289182972162962,"w":0.9314972162246704},"size":1.882676601409912,"orthographic":false}