{"cameraMode":{"drawMode":0,"name":"Shaded","section":"Shading Mode"},"sceneLighting":false,"audioPlay":false,"sceneViewState":{"m_AlwaysRefresh":false,"showFog":true,"showSkybox":false,"showFlares":true,"showImageEffects":true,"showParticleSystems":true,"showVisualEffectGraphs":true,"m_FxEnabled":true},"in2DMode":false,"pivot":{"x":-0.056837379932403567,"y":0.7400977611541748,"z":6.369421005249023},"rotation":{"x":0.08121669292449951,"y":0.01077351812273264,"z":-0.0008808293496258557,"w":0.9966555833816528},"size":5.607700347900391,"orthographic":false}