{"cameraMode":{"drawMode":0,"name":"Shaded","section":"Shading Mode"},"sceneLighting":false,"audioPlay":false,"sceneViewState":{"m_AlwaysRefresh":false,"showFog":true,"showSkybox":false,"showFlares":true,"showImageEffects":true,"showParticleSystems":true,"showVisualEffectGraphs":true,"m_FxEnabled":true},"in2DMode":false,"pivot":{"x":0.3952476680278778,"y":-6.709334373474121,"z":7.521843433380127},"rotation":{"x":0.38187283277511599,"y":0.0030587755609303715,"z":-0.0012675742618739606,"w":0.9242482781410217},"size":10.112661361694336,"orthographic":false}