{"cameraMode":{"drawMode":0,"name":"Shaded","section":"Shading Mode"},"sceneLighting":true,"audioPlay":false,"sceneViewState":{"m_AlwaysRefresh":false,"showFog":true,"showSkybox":true,"showFlares":true,"showImageEffects":true,"showParticleSystems":true,"showVisualEffectGraphs":true,"m_FxEnabled":true},"in2DMode":false,"pivot":{"x":10.154719352722168,"y":2.3890304565429689,"z":2.15576434135437},"rotation":{"x":-0.011395852081477642,"y":0.9851740598678589,"z":-0.15526151657104493,"w":-0.0725620910525322},"size":0.6117258071899414,"orthographic":false}